/tools/sede-queries,/tools.html#sede-queries
/tools/userscripts,/tools.html#userscripts
/room-info/celebrations,/room-info.html#celebrations
/room-info/history,/room-info.html#history
/room-info/nominations,/room-info.html#nominations
/room-info/room-meetings,/room-meetings.html
/room-info/room-meetings/,/room-meetings.html
/room-info/room-meetings/info,/room-meetings.html
/room-info/room-meetings/2015-11,/room-meetings.html#2015-11
/room-info/room-meetings/2015-12,/room-meetings.html#2015-12
/room-info/room-meetings/2016-04,/room-meetings.html#2016-04
/room-info/room-meetings/2016-08,/room-meetings.html#2016-08
/room-info/room-meetings/2016-10,/room-meetings.html#2016-10
/room-info/room-meetings/2017-01,/room-meetings.html#2017-01
/room-info/room-meetings/2017-05,/room-meetings.html#2017-05
/room-info/room-meetings/2017-11,/room-meetings.html#2017-11
/room-info/room-meetings/2018-08,/room-meetings.html#2018-08
/room-info/room-meetings/2019-04,/room-meetings.html#2019-04
/room-info/room-meetings/2020-02,/room-meetings.html#2020-02
